"Authorisation","Barcode","Billing name","Date purchased","Email","Marketing Opt In","Order number","Postcode","Quantity","Price","Shipping Name","Shipping Company","Shipping Address","Shipping City","Shipping Region","Shipping Postcode","Shipping Country","Ticket type"
"#4184","41669231","Allison Dietzek","2025-09-06 15:21 ",alliedietzek@gmail.com,Opt-in,RA45407159-618,11211,"1","21.90","","","","","","","","Ticket $25 donation"
"#5098","62757684","Amanda Brundige","2025-08-30 23:52 ",Ballmvp11@icloud.com,Opt-in,RA44737957-668,12188,"1","35.00","","","","","","","","General admission"
"#5098","82852909","Amanda Brundige","2025-08-30 23:52 ",Ballmvp11@icloud.com,Opt-in,RA44737957-668,12188,"1","35.00","","","","","","","","General admission"
"#1475","43529631","Angela Tabone","2025-08-16 21:15 ",Angela.Tabone11@gmail.com,Opt-in,RA44850288-249,11224,"1","35.00","","","","","","","","General admission"
"#9960","44187032","Arthemise Brouillet","2025-08-19 12:54 ",abrouillet.inf@gmail.com,,RA44900187-692,11375,"1","35.00","","","","","","","","Ticket $40 donation"
"#1849","76782530","Ashley E Benzwie","2025-09-05 14:11 ",abenzwie@gmail.com,,RA45367275-306,11211,"1","21.90","","","","","","","","Ticket $25 donation"
"#4957","43094933","Caralyn Lyons","2025-09-04 09:05 ",caralyn28@gmail.com,Opt-in,RA45320432-860,11762,"1","21.90","","","","","","","","Ticket $25 donation"
"#4957","68968397","Caralyn Lyons","2025-09-04 09:05 ",caralyn28@gmail.com,Opt-in,RA45320432-860,11762,"1","21.90","","","","","","","","Ticket $25 donation"
"#5475","51873204","Claudia","2025-09-06 14:53 ",claudiabizzy@gmail.com,Opt-in,RA45406056-568,10509,"1","21.90","","","","","","","","Ticket $25 donation"
"#5475","68092137","Claudia","2025-09-06 14:53 ",claudiabizzy@gmail.com,Opt-in,RA45406056-568,10509,"1","21.90","","","","","","","","Ticket $25 donation"
"#8605","81014108","Coco Putman","2025-09-01 18:40 ",putmancortney@gmail.com,Opt-in,RA45258255-206,11211,"1","21.90","","","","","","","","Ticket $25 donation"
"#5138","39380512","Darin Soltis","2025-09-06 15:15 ",Fiveyearsds@aol.com,,RA45406889-186,06992,"1","21.90","","","","","","","","Ticket $25 donation"
"#6959","54410558","Ethan Pollak","2025-07-25 12:50 ",epollak24@gmail.com,Opt-in,RA44253695-475,06371,"1","35.00","","","","","","","","General admission"
"#4355","18064950","Francis Berkman","2025-07-20 20:24 ",francisberkman@gmail.com,Opt-in,RA44144905-581,11211,"1","35.00","","","","","","","","General admission"
"#4355","44670053","Francis Berkman","2025-07-20 20:24 ",francisberkman@gmail.com,Opt-in,RA44144905-581,11211,"1","35.00","","","","","","","","General admission"
"#4355","38250695","Francis Berkman","2025-09-06 15:08 ",francisberkman@gmail.com,Opt-in,RA45406600-535,11211,"1","21.90","","","","","","","","Ticket $25 donation"
"#8512","12278521","Ibrahim Haidar-Ahmad","2025-08-18 18:48 ",haidarah2016@icloud.com,Opt-in,RA44881251-645,48101,"1","21.90","","","","","","","","Ticket $25 donation"
"#8512","35236106","Ibrahim Haidar-Ahmad","2025-08-18 18:48 ",haidarah2016@icloud.com,Opt-in,RA44881251-645,48101,"1","21.90","","","","","","","","Ticket $25 donation"
"#8512","60972983","Ibrahim Haidar-Ahmad","2025-08-18 18:48 ",haidarah2016@icloud.com,Opt-in,RA44881251-645,48101,"1","21.90","","","","","","","","Ticket $25 donation"
"#8512","31478664","Ibrahim Haidar-Ahmad","2025-09-06 15:43 ",haidarah2016@icloud.com,Opt-in,RA45408123-303,48101,"1","21.90","","","","","","","","Ticket $25 donation"
"#7726","77767370","Ishraque Nazmi","2025-09-05 13:28 ",issshhhhh@gmail.com,,RA45365735-400,11211,"1","21.90","","","","","","","","Ticket $25 donation"
"#5809","44725095","Jack Mahoney","2025-09-04 18:32 ",jackmahoney1212@gmail.com,,RA45339362-939,10509,"1","21.90","","","","","","","","Ticket $25 donation"
"#7188","38631518","Jennifer Taveras","2025-08-29 20:23 ",j.taveras4@gmail.com,Opt-in,RA45184278-916,11355,"1","21.90","","","","","","","","Ticket $25 donation"
"#8031","72165924","Jonathan Augustin","2025-09-02 19:11 ",jlmaugustin@hotmail.com,Opt-in,RA45280830-850,11101,"1","21.90","","","","","","","","Ticket $25 donation"
"#3952","68905020","Kendall Leary","2025-08-26 21:30 ",kgleary101@gmail.com,Opt-in,RA45096248-967,11211,"1","21.90","","","","","","","","Ticket $25 donation"
"#5296","22381081","Laura Palantone","2025-07-25 13:08 ",lpalantone@gmail.com,,RA44254402-269,11217,"1","35.00","","","","","","","","General admission"
"#5296","29838368","Laura Palantone","2025-07-25 13:08 ",lpalantone@gmail.com,,RA44254402-269,11217,"1","35.00","","","","","","","","General admission"
"#0017","44076906","Liz McQuillan","2025-07-22 14:15 ",emcquillan@gmail.com,,RA44174403-746,10025,"1","35.00","","","","","","","","General admission"
"#0017","99338842","Liz McQuillan","2025-07-22 14:15 ",emcquillan@gmail.com,,RA44174403-746,10025,"1","35.00","","","","","","","","General admission"
"#8139","61884819","Lorena Aragon","2025-08-22 10:15 ",lorenaragon13@gmail.com,,RA44978913-145,08043,"1","35.00","","","","","","","","Ticket $40 donation"
"#8139","62550854","Lorena Aragon","2025-08-22 10:15 ",lorenaragon13@gmail.com,,RA44978913-145,08043,"1","35.00","","","","","","","","Ticket $40 donation"
"#8139","63518963","Lorena Aragon","2025-08-22 10:15 ",lorenaragon13@gmail.com,,RA44978913-145,08043,"1","35.00","","","","","","","","Ticket $40 donation"
"#2279","90453744","Molly Simon","2025-09-06 16:37 ",ybt8h4vpb4@privaterelay.appleid.com,Opt-in,RA45410251-411,11238,"1","21.90","","","","","","","","Ticket $25 donation"
"#0771","77003054","Noel","2025-09-06 13:13 ",Nborbon@compass.com,,RA45402440-590,11206,"1","35.00","","","","","","","","Ticket $40 donation"
"#5838","81733058","Patrick Savery","2025-08-24 13:55 ",patrick.savery@gmail.com,,RA45052770-702,12070,"1","35.00","","","","","","","","Ticket $40 donation"
"#5838","82992974","Patrick Savery","2025-08-24 13:55 ",patrick.savery@gmail.com,,RA45052770-702,12070,"1","35.00","","","","","","","","Ticket $40 donation"
"#3335","86474782","Rachael Rho","2025-08-27 20:23 ",rachael.rho@gmail.com,Opt-in,RA45119000-229,33511,"1","21.90","","","","","","","","Ticket $25 donation"
"#5962","24333803","Steve Accardo","2025-08-21 09:53 ",steveo3876@hotmail.com,Opt-in,RA44948760-489,11106,"1","21.90","","","","","","","","Ticket $25 donation"
"#7682","20146788","Thandiwe ","2025-08-26 19:48 ",veromathobela7@gmail.com,Opt-in,RA45095327-715,11221,"1","21.90","","","","","","","","Ticket $25 donation"
"#1297","98384553","Theresa Berkman","2025-09-03 12:21 ",taberkman@gmail.com,Opt-in,RA45296619-256,11758,"1","21.90","","","","","","","","Ticket $25 donation"
"#","11262853","Theresa McGuinness ","2025-09-04 19:59 ",tess8897@aol.com,Opt-in,RA45340935-914,11801,"1","21.90","","","","","","","","Ticket $25 donation"
"#","28354714","Theresa McGuinness ","2025-09-04 19:59 ",tess8897@aol.com,Opt-in,RA45340935-914,11801,"1","21.90","","","","","","","","Ticket $25 donation"